{"#000000":[0,0,0,0,0,0,0,0,0.07968750000000001,0.08125000000000002,0.08437500000000002,0.08750000000000001,0.0890625,0.09062500000000001,0.09375000000000001,0.09531250000000001,0.09843750000000001,0.10000000000000003,0.10156250000000003,0.10312500000000004,0.10625000000000004,0.10781250000000003,0.10937500000000004,0.11093750000000004,0.11406250000000002,0.11562500000000003,0.11718750000000003,0.11875000000000004,0.12031250000000003,0.12187500000000004,0.12343750000000003,0.12500000000000003,0.12656250000000002,0.12812500000000002,0.1296875,0.13125000000000003,0.13281250000000003,0.13437500000000002,0.13593750000000002,0.13750000000000004,0.13906250000000003,0.14062500000000003,0.14218750000000002,0.14375000000000004,0.14531250000000004,0.14687500000000003,0.14843750000000003,0.15000000000000002,0.15156250000000002,0.153125,0.1546875,0.1546875,0.15625000000000003,0.153125,0.15000000000000002,0.14531250000000004,0.14218750000000002,0.13906250000000003,0.13593750000000002,0.13281250000000003,0.1296875,0.12500000000000003,0.12187500000000004,0.11875000000000004,0.11562500000000003,0.11250000000000003,0.10937500000000004,0.10625000000000004,0.10312500000000004,0.10000000000000003,0.09687500000000002,0.09375000000000001,0.09062500000000001,0.0890625,0.08593750000000001,0.08281250000000001,0.07968750000000001,0.0765625,0.07343750000000002,0.07187500000000002,0.06875000000000002,0.06562500000000002,0.06250000000000001,0.06093750000000001,0.05781250000000002,0.05468750000000002,0.05156250000000002,0.05000000000000002,0.04687500000000001,0.043750000000000004,0.04218750000000001,0.03906250000000001,0.03593750000000001,0.03437500000000001,0.03125000000000001,0.028125000000000004,0.026562500000000006,0.025000000000000005,0.021875,0.01875,0.0171875,0.014062500000000004,0.012500000000000004,0.009375000000000001,0.007812500000000002,0.004687500000000001,0.0031250000000000006,0,0],"#ffffff":[0,0,0,0,0,0,0,0,0.026562500000000006,0.029687500000000006,0.03125000000000001,0.03437500000000001,0.037500000000000006,0.04062500000000001,0.043750000000000004,0.045312500000000006,0.04843750000000001,0.05156250000000002,0.05468750000000002,0.05781250000000002,0.06093750000000001,0.06250000000000001,0.06562500000000002,0.06875000000000002,0.07187500000000002,0.07500000000000001,0.07812500000000001,0.08125000000000002,0.08437500000000002,0.08750000000000001,0.09062500000000001,0.09375000000000001,0.09687500000000002,0.10000000000000003,0.10312500000000004,0.10625000000000004,0.10937500000000004,0.11250000000000003,0.11562500000000003,0.11875000000000004,0.12187500000000004,0.12656250000000002,0.1296875,0.13281250000000003,0.13593750000000002,0.13906250000000003,0.14375000000000004,0.14687500000000003,0.15000000000000002,0.1546875,0.15625000000000003,0.1546875,0.153125,0.15156250000000002,0.15000000000000002,0.14843750000000003,0.14843750000000003,0.14687500000000003,0.14531250000000004,0.14375000000000004,0.14218750000000002,0.14062500000000003,0.13906250000000003,0.13750000000000004,0.13593750000000002,0.13437500000000002,0.13281250000000003,0.13125000000000003,0.1296875,0.12812500000000002,0.12656250000000002,0.12500000000000003,0.12343750000000003,0.12187500000000004,0.12031250000000003,0.11875000000000004,0.11562500000000003,0.11406250000000002,0.11250000000000003,0.11093750000000004,0.10937500000000004,0.10781250000000003,0.10468750000000003,0.10312500000000004,0.10156250000000003,0.10000000000000003,0.09687500000000002,0.09531250000000001,0.09375000000000001,0.09062500000000001,0.0890625,0.08750000000000001,0.08437500000000002,0.08281250000000001,0.08125000000000002,0.07812500000000001,0.07500000000000001,0.07343750000000002,0.07031250000000001,0.06875000000000002,0.06562500000000002,0.06093750000000001,0.05781250000000002,0.05312500000000002,0.04843750000000001,0.04062500000000001,0.0234375,0,0]}
